{
  "agent_dir": "outputs\\agent_v4_2_canonical",
  "world_run_dir": "outputs\\run_3acec7d14d",
  "split": "test",
  "n_anchors": 16,
  "horizon": 10,
  "candidate_fault_types": null,
  "n_candidates": 162,
  "critic_pearson": 0.6703963279724121,
  "critic_spearman": 0.6201141476631165,
  "discover_top10pct_hit_rate": 0.75,
  "safe_bottom10pct_hit_rate": 0.5,
  "discover_oracle_regret": 0.019480399787425995,
  "safe_oracle_regret": 0.03684692084789276,
  "risk_lift_vs_random": 1.0058456659317017,
  "risk_reduction_vs_random": 0.35846835374832153,
  "agent_latency_ms": 0.17077968732337467,
  "exhaustive_rollout_latency_ms": 639.1551124979742,
  "agent_discover_mean_risk": 0.539456844329834,
  "agent_safe_mean_risk": 0.1725350320339203,
  "random_mean_risk": 0.26894235610961914,
  "ft7_heuristic_mean_risk": 0.43599945306777954,
  "oracle_high_mean_risk": 0.5589372515678406,
  "oracle_low_mean_risk": 0.13568811118602753
}