{
  "mean": {
    "wr": 1.000749898444785,
    "LA": 0.6410405775857253,
    "VT": 1.0177332125353495,
    "IT": 0.556967214861991
  },
  "std": {
    "wr": 0.011935322690121156,
    "LA": 0.35816480788362387,
    "VT": 0.06785086522767045,
    "IT": 0.22344295747390835
  },
  "delta_std": {
    "wr": 2.5234237785766564e-05,
    "LA": 0.017764534690785004,
    "VT": 0.001694123312339489,
    "IT": 0.0028495425833805353
  }
}